text,username,date
AI is killing it in 2025 #AI,@TechVibe,2025-03-07
Just tested an AI chatbot—wow #AI,@DigitalNomad,2025-03-06
AI ethics debate heating up #AI,@ThinkerX,2025-03-07
New AI framework dropped today #AI,@CodeNinja,2025-03-07
AI in education is next big thing #AI,@EduTechie,2025-03-06
Building an AI app this week #AI,@DevDiary,2025-03-07
AI funding hits record high #AI,@StartupBuzz,2025-03-06
AI robots at work—crazy! #AI,@FutureWorks,2025-03-07
AI’s job impact is real #AI,@EconBit,2025-03-06
AI art tools are unreal #AI,@ArtBot,2025-03-07
